Survey_ID,Customer_ID,Store_Location,Visit_Date,Purchase_Amount,Wait_Time_Min,Staff_Rating,Product_Rating,Cleanliness_Rating,Recommend,Total_Rating
1,CUST001,Surat,2026-06-13,3843.49,33,1,2,5,No,2.67
2,CUST002,Mumbai,2026-08-04,5907.79,32,5,4,2,No,3.67
3,CUST003,Surat,2026-02-11,963.91,7,4,1,4,No,3.0
4,CUST004,Pune,2026-06-10,1695.15,17,3,3,4,No,3.33
5,CUST005,Pune,2026-09-20,4837.22,22,1,5,5,Yes,3.67
6,CUST006,Ahmedabad,2026-05-28,3512.24,20,1,3,3,No,2.33
7,CUST007,Rajkot,2026-08-05,816.53,32,1,4,5,No,3.33
8,CUST008,Mumbai,2026-09-09,3076.39,34,3,4,5,No,4.0
9,CUST009,Rajkot,2026-09-20,3957.21,2,5,2,2,No,3.0
10,CUST010,Surat,2026-09-25,6668.16,7,5,4,4,Yes,4.33
11,CUST011,Vadodara,2026-09-04,6649.65,8,4,4,5,Yes,4.33
12,CUST012,Ahmedabad,2026-07-25,5072.69,20,5,5,4,Yes,4.67
13,CUST013,Rajkot,2026-08-10,1638.61,18,1,1,2,No,1.33
14,CUST014,Pune,2026-08-23,6056.07,32,3,2,3,No,2.67
15,CUST015,Pune,2026-09-06,3579.92,32,4,5,1,No,3.33
16,CUST016,Ahmedabad,2026-06-12,3513.77,7,4,5,3,Yes,4.0
17,CUST017,Rajkot,2026-04-04,7259.42,31,1,3,4,No,2.67
18,CUST018,Ahmedabad,2026-02-19,1580.21,27,2,4,1,No,2.33
19,CUST019,Surat,2026-01-01,3466.54,35,1,5,2,No,2.67
20,CUST020,Vadodara,2026-03-03,4714.9,35,3,3,2,No,2.67
21,CUST021,Surat,2026-06-10,5034.67,32,2,5,2,No,3.0
22,CUST022,Rajkot,2026-03-09,7193.34,33,3,1,4,No,2.67
23,CUST023,Pune,2026-03-23,7022.66,20,5,4,4,Yes,4.33
24,CUST024,Vadodara,2026-09-24,6080.77,25,1,1,4,No,2.0
25,CUST025,Surat,2026-01-27,6278.43,23,1,1,5,No,2.33
26,CUST026,Rajkot,2026-06-17,5168.54,29,3,1,4,No,2.67
27,CUST027,Rajkot,2026-03-29,1281.1,34,2,4,5,No,3.67
28,CUST028,Ahmedabad,2026-08-23,4546.91,5,5,4,1,No,3.33
29,CUST029,Vadodara,2026-03-30,482.49,35,1,4,2,No,2.33
30,CUST030,Rajkot,2026-01-11,1099.18,34,2,5,2,No,3.0
31,CUST031,Vadodara,2026-04-06,3016.29,28,5,4,1,No,3.33
32,CUST032,Rajkot,2026-06-06,1525.91,12,3,4,4,Yes,3.67
33,CUST033,Rajkot,2026-05-28,3587.6,21,5,4,4,Yes,4.33
34,CUST034,Surat,2026-09-27,6005.03,18,1,2,2,No,1.67
35,CUST035,Surat,2026-02-17,6607.86,22,4,5,2,Yes,3.67
36,CUST036,Surat,2026-06-30,6372.07,23,5,5,5,No,5.0
37,CUST037,Vadodara,2026-02-26,4712.77,18,5,5,2,Yes,4.0
38,CUST038,Mumbai,2026-05-31,4286.81,9,1,3,1,No,1.67
39,CUST039,Rajkot,2026-03-29,929.36,4,3,2,1,No,2.0
40,CUST040,Mumbai,2026-06-10,2184.38,5,3,3,2,No,2.67
41,CUST041,Ahmedabad,2026-05-12,612.16,27,3,4,1,No,2.67
42,CUST042,Surat,2026-02-19,1878.91,20,1,1,5,No,2.33
43,CUST043,Mumbai,2026-06-29,2465.06,30,5,5,1,No,3.67
44,CUST044,Rajkot,2026-06-11,4617.22,30,4,1,3,No,2.67
45,CUST045,Mumbai,2026-05-09,3009.5,23,1,4,1,No,2.0
46,CUST046,Ahmedabad,2026-06-19,2278.23,8,3,4,3,No,3.33
47,CUST047,Mumbai,2026-01-11,4134.85,22,2,5,1,No,2.67
48,CUST048,Pune,2026-02-27,1341.61,8,1,1,2,No,1.33
49,CUST049,Mumbai,2026-07-01,4537.6,20,1,4,5,No,3.33
50,CUST050,Vadodara,2026-07-02,3202.44,25,2,4,2,No,2.67
51,CUST051,Vadodara,2026-04-04,4140.51,35,5,4,3,No,4.0
52,CUST052,Vadodara,2026-04-27,321.71,18,5,4,4,Yes,4.33
53,CUST053,Ahmedabad,2026-06-11,1169.13,6,2,5,1,No,2.67
54,CUST054,Pune,2026-09-21,6176.0,22,5,3,1,No,3.0
55,CUST055,Pune,2026-01-06,4764.76,16,4,1,2,No,2.33
56,CUST056,Pune,2026-09-18,6486.49,26,3,2,5,No,3.33
57,CUST057,Ahmedabad,2026-06-25,6479.92,24,3,4,4,No,3.67
58,CUST058,Mumbai,2026-08-31,6743.11,20,2,2,4,No,2.67
59,CUST059,Vadodara,2026-09-06,6719.41,23,5,4,1,No,3.33
60,CUST060,Pune,2026-03-30,768.92,24,5,3,2,No,3.33
61,CUST061,Pune,2026-02-21,7491.26,2,5,2,5,Yes,4.0
62,CUST062,Ahmedabad,2026-01-23,7173.24,25,5,5,2,No,4.0
63,CUST063,Mumbai,2026-02-23,778.69,25,3,5,3,No,3.67
64,CUST064,Ahmedabad,2026-01-22,5569.38,13,2,3,3,No,2.67
65,CUST065,Mumbai,2026-05-27,2775.59,25,2,1,5,No,2.67
66,CUST066,Pune,2026-09-03,7053.25,23,5,2,5,No,4.0
67,CUST067,Surat,2026-04-02,2462.84,10,2,1,1,No,1.33
68,CUST068,Mumbai,2026-01-02,6338.06,5,3,3,2,No,2.67
69,CUST069,Mumbai,2026-03-20,4556.3,16,2,1,3,No,2.0
70,CUST070,Rajkot,2026-02-24,6573.73,5,4,3,5,Yes,4.0
71,CUST071,Ahmedabad,2026-03-02,2706.32,32,1,5,5,No,3.67
72,CUST072,Vadodara,2026-07-03,5173.98,30,5,3,1,No,3.0
73,CUST073,Surat,2026-02-14,6091.88,20,3,2,2,No,2.33
74,CUST074,Ahmedabad,2026-08-10,3871.1,22,3,4,4,Yes,3.67
75,CUST075,Ahmedabad,2026-04-01,1594.17,30,2,3,3,No,2.67
76,CUST076,Rajkot,2026-07-15,1714.64,29,5,2,4,No,3.67
77,CUST077,Ahmedabad,2026-06-18,6292.0,21,3,4,3,No,3.33
78,CUST078,Vadodara,2026-05-18,1872.05,10,5,1,3,No,3.0
79,CUST079,Ahmedabad,2026-08-23,4803.96,26,1,5,3,No,3.0
80,CUST080,Pune,2026-07-29,2625.75,32,5,5,2,No,4.0
81,CUST081,Rajkot,2026-06-30,4914.46,4,4,2,1,No,2.33
82,CUST082,Ahmedabad,2026-05-10,1109.9,27,4,4,3,No,3.67
83,CUST083,Surat,2026-01-20,5715.94,8,3,3,1,No,2.33
84,CUST084,Vadodara,2026-08-23,3934.82,24,1,5,2,No,2.67
85,CUST085,Mumbai,2026-01-06,7372.01,10,3,2,4,No,3.0
86,CUST086,Vadodara,2026-03-29,5335.54,6,5,4,5,Yes,4.67
87,CUST087,Pune,2026-03-10,944.21,18,4,1,2,No,2.33
88,CUST088,Mumbai,2026-09-20,7415.48,31,3,3,3,No,3.0
89,CUST089,Ahmedabad,2026-09-03,2026.82,21,3,1,4,No,2.67
90,CUST090,Vadodara,2026-01-12,3682.99,24,3,4,2,No,3.0
91,CUST091,Ahmedabad,2026-05-21,3915.36,26,3,2,5,No,3.33
92,CUST092,Surat,2026-07-30,6492.56,33,5,3,4,No,4.0
93,CUST093,Mumbai,2026-02-16,6419.92,34,5,3,4,No,4.0
94,CUST094,Ahmedabad,2026-06-23,2796.58,5,5,2,3,No,3.33
95,CUST095,Mumbai,2026-09-24,6532.02,7,5,2,1,No,2.67
96,CUST096,Rajkot,2026-05-04,1691.08,33,5,2,5,No,4.0
97,CUST097,Vadodara,2026-05-19,5852.02,32,2,5,3,No,3.33
98,CUST098,Ahmedabad,2026-07-20,4065.37,35,2,2,5,No,3.0
99,CUST099,Mumbai,2026-03-20,5506.25,9,5,1,1,No,2.33
100,CUST100,Ahmedabad,2026-06-03,7066.15,12,2,3,5,No,3.33
101,CUST101,Pune,2026-07-02,1090.72,11,2,1,2,No,1.67
102,CUST102,Pune,2026-03-20,3192.29,32,5,1,3,No,3.0
103,CUST103,Vadodara,2026-09-21,2826.55,35,1,4,4,No,3.0
104,CUST104,Vadodara,2026-06-16,1220.5,33,1,4,1,No,2.0
105,CUST105,Surat,2026-02-18,2744.74,17,3,1,2,No,2.0
106,CUST106,Mumbai,2026-04-08,6537.8,6,4,4,2,No,3.33
107,CUST107,Vadodara,2026-05-04,1801.2,32,2,3,2,No,2.33
108,CUST108,Mumbai,2026-08-05,5450.16,30,3,2,3,No,2.67
109,CUST109,Pune,2026-08-14,7023.15,31,1,2,2,No,1.67
110,CUST110,Surat,2026-02-10,2751.43,11,1,2,2,No,1.67
111,CUST111,Pune,2026-08-10,1541.35,28,1,5,2,No,2.67
112,CUST112,Pune,2026-05-18,2260.31,24,4,1,4,No,3.0
113,CUST113,Mumbai,2026-08-24,6667.52,23,4,2,1,No,2.33
114,CUST114,Vadodara,2026-04-24,7277.08,30,4,5,5,No,4.67
115,CUST115,Surat,2026-06-17,5698.56,6,4,4,3,Yes,3.67
116,CUST116,Mumbai,2026-09-27,6184.1,7,3,3,1,No,2.33
117,CUST117,Surat,2026-01-22,666.34,29,5,1,4,No,3.33
118,CUST118,Pune,2026-08-22,4658.07,35,1,2,3,No,2.0
119,CUST119,Vadodara,2026-01-14,922.88,6,2,5,3,No,3.33
120,CUST120,Surat,2026-01-24,5654.64,5,5,5,1,Yes,3.67
121,CUST121,Pune,2026-06-21,5421.69,20,4,2,3,No,3.0
122,CUST122,Pune,2026-08-28,5224.84,26,2,5,3,No,3.33
123,CUST123,Rajkot,2026-01-22,3743.81,12,4,2,1,No,2.33
124,CUST124,Mumbai,2026-09-01,4490.56,31,5,1,4,No,3.33
125,CUST125,Vadodara,2026-07-16,5517.26,34,4,2,3,No,3.0
126,CUST126,Vadodara,2026-09-24,2456.99,28,5,1,3,No,3.0
127,CUST127,Mumbai,2026-09-24,1372.75,34,1,5,3,No,3.0
128,CUST128,Vadodara,2026-02-08,4226.75,30,4,1,1,No,2.0
129,CUST129,Rajkot,2026-07-25,7326.75,16,2,1,3,No,2.0
130,CUST130,Vadodara,2026-09-26,2107.96,24,1,3,2,No,2.0
131,CUST131,Surat,2026-04-22,5343.84,8,4,5,1,No,3.33
132,CUST132,Ahmedabad,2026-08-28,6330.58,33,1,2,4,No,2.33
133,CUST133,Surat,2026-05-30,819.51,5,3,2,1,No,2.0
134,CUST134,Ahmedabad,2026-01-23,3614.66,17,1,5,2,No,2.67
135,CUST135,Mumbai,2026-09-22,4440.27,16,4,1,5,No,3.33
136,CUST136,Ahmedabad,2026-04-27,4095.18,30,1,2,1,No,1.33
137,CUST137,Surat,2026-07-31,2985.9,6,4,5,2,Yes,3.67
138,CUST138,Vadodara,2026-05-02,1359.73,13,5,3,4,Yes,4.0
139,CUST139,Ahmedabad,2026-03-28,3590.6,2,3,1,2,No,2.0
140,CUST140,Mumbai,2026-09-22,5875.36,31,2,3,2,No,2.33
141,CUST141,Rajkot,2026-03-01,1169.35,25,1,4,4,No,3.0
142,CUST142,Pune,2026-06-23,3915.49,23,1,5,1,No,2.33
143,CUST143,Pune,2026-05-10,1899.25,25,2,3,5,No,3.33
144,CUST144,Pune,2026-04-02,2405.55,35,1,1,3,No,1.67
145,CUST145,Pune,2026-03-31,5401.12,7,2,4,2,No,2.67
146,CUST146,Mumbai,2026-09-15,7005.7,31,1,1,2,No,1.33
147,CUST147,Surat,2026-09-28,2436.47,27,3,1,4,No,2.67
148,CUST148,Mumbai,2026-06-01,7120.75,25,1,4,5,No,3.33
149,CUST149,Surat,2026-02-19,1821.57,21,4,1,4,No,3.0
150,CUST150,Ahmedabad,2026-08-13,5804.54,20,3,4,5,Yes,4.0
